{
  "train_loss": [
    1.5032616368361882,
    0.6907775504248482,
    0.4600323919739042,
    0.38795332057135445,
    0.32818191583667483,
    0.3223385417035648,
    0.2868138926369803,
    0.2676134978021894,
    0.2439990640750953,
    0.25327344057815415,
    0.24185881816915103,
    0.24421926247222084,
    0.23807458792413985,
    0.23723218962550163,
    0.22490278876253536,
    0.18956887221762111,
    0.2094908909073898,
    0.19772819711693695,
    0.20071745147662504,
    0.18742430582642555,
    0.17103880893971238,
    0.1902045446314982,
    0.1725492781826428,
    0.1915918971811022,
    0.18115166564072882,
    0.2158394238778523,
    0.16572052953498703,
    0.1808271763580186,
    0.15291521086224488,
    0.16819934185062135,
    0.16841157291616712,
    0.1777291746011802,
    0.18178404266280787,
    0.1653848805065666,
    0.16145326851734093,
    0.1480212461735521,
    0.1491390302245106,
    0.1562196388308491,
    0.14393283293715545,
    0.1511371340070452,
    0.13678820058703423,
    0.15300691335328986,
    0.13245430194905827,
    0.1431239120130028,
    0.1327747340181044,
    0.14678961070520538,
    0.1336220051561083,
    0.12795161615524972,
    0.1365194872021675,
    0.13391235768795012,
    0.11532827746123075,
    0.12655848238084996,
    0.1274525343307427,
    0.11233380934489624,
    0.10343805171017136,
    0.10106209048203059,
    0.10950254824544703,
    0.11291880006236689,
    0.09418650147105967,
    0.09149232634476252,
    0.09615516167666231,
    0.09879974549902337,
    0.09727621451020241,
    0.08455317552600589,
    0.08040032203176192,
    0.09994926229119301,
    0.0856418723772679,
    0.08129144204514367,
    0.07644010329885143,
    0.07508883305958339,
    0.08570429344794579,
    0.08027167583682708,
    0.07487422948969262
  ],
  "train_traj_loss": [
    0.8297459670475551,
    0.3087375493986266,
    0.21253939090030535,
    0.1784549541771412,
    0.15061971225908824,
    0.13410452625581196,
    0.12981894314289094,
    0.11638711259833404,
    0.10595833600631782,
    0.10849315667791026,
    0.1069027990102768,
    0.09830921451960291,
    0.09394478143325874,
    0.09458111673593521,
    0.09770398940891027,
    0.09611724370292254,
    0.08747655179883752,
    0.09053993741316455,
    0.08506606801279953,
    0.08688531730856214,
    0.08079414681664535,
    0.08554180637001992,
    0.0845943591424397,
    0.07599107458123139,
    0.07793688337717737,
    0.07954631224274636,
    0.07521754418100629,
    0.0878323521198971,
    0.07199854680470058,
    0.07215720005333423,
    0.07422516819621836,
    0.0751910497035299,
    0.07783996643764632,
    0.07178736866584846,
    0.06720339714416436,
    0.06908490883984736,
    0.07959441393613816,
    0.08014860823750496,
    0.07305357530713082,
    0.06932415762650115,
    0.06656137742102146,
    0.07039019864584718,
    0.0648670690666352,
    0.06621928795107773,
    0.06939920556864568,
    0.06474455520510673,
    0.06514687466302088,
    0.0670044736138412,
    0.0682963811393295,
    0.06284143355275904,
    0.060974085756710594,
    0.06349874008446932,
    0.05862975479768855,
    0.06243959657315697,
    0.06545632303293263,
    0.05696738213300705,
    0.06355717897947345,
    0.06439347477363688,
    0.06168063165886062,
    0.059175308075334346,
    0.05947128885558673,
    0.05887091572263411,
    0.05632550599319594,
    0.05737000687846116,
    0.05458252802491188,
    0.05988985233541046,
    0.056555552035570146,
    0.05692018933062042,
    0.058377395729933466,
    0.05615074759615319,
    0.05527237029746175,
    0.06076117200510842,
    0.056625322837914736
  ],
  "train_intent_loss": [
    1.1225260828222547,
    0.6367333180138043,
    0.41248832355652537,
    0.3491639306236591,
    0.2959369916734951,
    0.31372334298544696,
    0.2616582357856844,
    0.2520439635962248,
    0.23006787042000465,
    0.24130046641720193,
    0.22492668727146728,
    0.2431834022714091,
    0.2402163359336555,
    0.23775178175086953,
    0.21199799260523702,
    0.15575270701332816,
    0.20335722210085286,
    0.17864709231071174,
    0.19275229958584533,
    0.1675649739436007,
    0.1504077641459714,
    0.17443788777038988,
    0.14659152557474694,
    0.1926680270441076,
    0.17202462905219623,
    0.2271551784793181,
    0.15083830497793055,
    0.15499136905585018,
    0.13486110307109941,
    0.1600702308983143,
    0.15697733680717646,
    0.17089686985127628,
    0.17324011702356593,
    0.1559958461306191,
    0.1570831134393562,
    0.13156055555279766,
    0.1159076896579271,
    0.12678504273769378,
    0.11813208978357059,
    0.13635495343727858,
    0.11704469971061501,
    0.13769451893333878,
    0.11264538187616771,
    0.12817436779649663,
    0.1056258743696422,
    0.13674175356365076,
    0.11412521358049292,
    0.10157856665984062,
    0.11370516924029549,
    0.11845153729872046,
    0.09059031671141773,
    0.10509956695542703,
    0.11470462906602603,
    0.08315701666911732,
    0.0633028781449996,
    0.07349117746801181,
    0.0765756104941829,
    0.0808755400618663,
    0.05417644783956348,
    0.05386169426928973,
    0.061139786427364534,
    0.06654804750963064,
    0.06825117726059814,
    0.04530527984887678,
    0.04302965427601261,
    0.06676568108366285,
    0.04847719814264175,
    0.04061875334079689,
    0.030104510478083414,
    0.03156347434831852,
    0.0507198703728136,
    0.03251750521480322,
    0.03041484268412335
  ],
  "val_loss": [
    0.5651054663673108,
    0.24044375884952635,
    0.170622566583725,
    0.1669605093327957,
    0.2018638848526379,
    0.16035862986352215,
    0.1286602893808153,
    0.09387828641206099,
    0.09644825880183924,
    0.08602446419548845,
    0.12183356351894224,
    0.08641249558676896,
    0.0957284474427157,
    0.08599472099734169,
    0.07955533386880174,
    0.0942940408985159,
    0.07659710307862796,
    0.07060140526989997,
    0.07606877230476856,
    0.08447617256653488,
    0.07493302645072784,
    0.09366737032160732,
    0.0756385275873195,
    0.09960076806245283,
    0.07180071096357943,
    0.07878567369553864,
    0.06471900667463466,
    0.0708899969907628,
    0.06690356814974562,
    0.06685598507026866,
    0.08994660201923735,
    0.07252865573527306,
    0.07034204470976886,
    0.06874890703904671,
    0.06589458418011616,
    0.07685107173495744,
    0.08057869898089752,
    0.09027524556233608,
    0.0756027390724775,
    0.05641911673776685,
    0.08118188116591685,
    0.06390261979276461,
    0.07654657762057421,
    0.0692252271926116,
    0.07042677531275704,
    0.06936272773327404,
    0.0693544451366931,
    0.06714757294755014,
    0.06837777601995741,
    0.06604055965939606,
    0.0701979564065134,
    0.07950052030472995,
    0.07677783611724683,
    0.0784183923878471,
    0.07645263219827697,
    0.07336346210780204,
    0.08579553897450902,
    0.07625987018959537,
    0.07037238006688912,
    0.07385550702880869,
    0.08925235918988667,
    0.09720517648434811,
    0.09097673760021184,
    0.09036982846448241,
    0.10161222069682202,
    0.0894215953529723,
    0.09764569499273175,
    0.09008666373356629,
    0.09785368792104812,
    0.11070613197482018,
    0.09074080506595503,
    0.09986974836637746,
    0.1032231169701686
  ],