{
  "train_loss": [
    1.8535198058400835,
    0.9376146027020046,
    0.6950222211224693,
    0.5077551139252526,
    0.4651696314769132,
    0.4599611535668373,
    0.3843394726514816,
    0.3658248412821974,
    0.32081428308572085,
    0.35015556248170987,
    0.3190569393336773,
    0.28291743999081,
    0.32048449564192977,
    0.29928690365382604,
    0.26700592903154236,
    0.24901925399899483,
    0.270504299231938,
    0.25454314510737147,
    0.28138053960033826,
    0.2644123499946935,
    0.20744381632123673,
    0.25461821236780713,
    0.21638090190078532,
    0.2541568898196731,
    0.2279886443167925,
    0.22136576266161034,
    0.20754086114466191,
    0.2540461571088859,
    0.2081060922571591,
    0.23091749836291586,
    0.22775673962065152,
    0.20057855224502938,
    0.23349302512194428,
    0.1867210122623614,
    0.17784022162003177,
    0.16745347774454525,
    0.1640479138387101,
    0.18161690815218856,
    0.16704689732619693,
    0.19725903831422328,
    0.18303661617849554,
    0.14364094787410328,
    0.1444639668932983,
    0.158935593228255,
    0.12309047106121268,
    0.131344648078084,
    0.15167029851249286,
    0.12795028202235698,
    0.16511780891035285,
    0.14490242015038218,
    0.10546106033559356,
    0.13894042090645858,
    0.1171076171632324,
    0.10836565590330532,
    0.1125693218516452,
    0.11418338955513069,
    0.1528051769626992,
    0.11983236465603113,
    0.10021550059318543,
    0.08868345131299325,
    0.12095931784382888,
    0.10778158809989691,
    0.07126223852059671,
    0.10116405779761928,
    0.13342174690748965,
    0.09333031874682222,
    0.09114440919033119,
    0.07548677378467152,
    0.07459985222667456,
    0.07852647089000259,
    0.06421052366495132,
    0.07824578396975994,
    0.0711683975532651
  ],
  "train_traj_loss": [
    0.8564695898975645,
    0.382847985625267,
    0.25834603160619735,
    0.19588962750775474,
    0.17276200077363424,
    0.16265044318778174,
    0.15874737011534826,
    0.13625804792557444,
    0.12076615265437535,
    0.13070766760834626,
    0.11365520155855588,
    0.1059021347867591,
    0.09974798453705651,
    0.09982978334384306,
    0.10336804475103106,
    0.11014135618294989,
    0.09469139501452446,
    0.09637286029756069,
    0.08978964071720838,
    0.09210800560457366,
    0.08717243203095028,
    0.08679509993110385,
    0.08943423799106053,
    0.08376057893037796,
    0.08372278096420424,
    0.08139177534197058,
    0.08353284900741918,
    0.09700511481080737,
    0.07511657487068857,
    0.07871011186923299,
    0.07502648106643132,
    0.07905663456767797,
    0.07961340099573136,
    0.07505907655826637,
    0.07202031314373017,
    0.07569870139871325,
    0.08230750150978565,
    0.07857781978590148,
    0.0734215860920293,
    0.07089817260525057,
    0.06887871982263667,
    0.07220242683376585,
    0.06604790352284909,
    0.06621785049459764,
    0.07001651171594858,
    0.06806481799909046,
    0.06547988541424274,
    0.0651730855394687,
    0.0685855174171073,
    0.06346908235656364,
    0.06277362353035382,
    0.06469509742621865,
    0.06029540758047785,
    0.06299200241586991,
    0.06827477049082517,
    0.058759347083313124,
    0.06732496669782059,
    0.06307140016662223,
    0.061953644933445115,
    0.06091197518897908,
    0.061902051578674996,
    0.0593422564544848,
    0.0561982374638319,
    0.05771171352160828,
    0.057042651596878255,
    0.06139173811035497,
    0.05931441238416093,
    0.05977927603359733,
    0.0578316222344126,
    0.05608497748949698,
    0.056328967586159705,
    0.06255069635808468,
    0.056123273526983604
  ],
  "train_intent_loss": [
    1.1078336055789675,
    0.6164073718445642,
    0.48519578075834685,
    0.34651721364685467,
    0.3248973743191787,
    0.33034524144604804,
    0.250657898573471,
    0.25507422106207484,
    0.22227570802705096,
    0.243831001295309,
    0.2282241609945361,
    0.19668367479462176,
    0.24526279562685108,
    0.2216190276451276,
    0.18181987780678485,
    0.15430878177118887,
    0.1953476762931262,
    0.1757447673074369,
    0.21287878401531737,
    0.19144927743223628,
    0.13363487610809638,
    0.18647012898831494,
    0.1410518542281352,
    0.18932923912320154,
    0.1602954057918396,
    0.1555266572644801,
    0.1377866860861624,
    0.17449004965934103,
    0.14776613389507734,
    0.16911932161393842,
    0.16970029135159814,
    0.13502435816959146,
    0.1709773660769445,
    0.12406881928140397,
    0.11757767915465332,
    0.10194975439683601,
    0.09082268263861937,
    0.1144878771218438,
    0.10402812544801106,
    0.14040096556023596,
    0.1268421114157588,
    0.07937613871669913,
    0.08712896090058037,
    0.10301971739570814,
    0.0589710676237051,
    0.07031092346390194,
    0.09576712823710685,
    0.06975244081974909,
    0.10725810310421886,
    0.09048148818800265,
    0.04743048682165474,
    0.08249480475276089,
    0.06312467804366731,
    0.050415171692917024,
    0.04921617111780116,
    0.06158227105368366,
    0.09497801570041702,
    0.06306774109665898,
    0.042513172639226986,
    0.030857197358126802,
    0.06561918408769511,
    0.05382148090815723,
    0.016737779298557597,
    0.04828038336279081,
    0.08486566527295249,
    0.03548731389610761,
    0.03536666400267937,
    0.017452776069402327,
    0.018631366867849206,
    0.024934993548960654,
    0.008757285076814827,
    0.01743898636064744,
    0.016716803942439844
  ],
  "val_loss": [
    0.7120257677372106,
    0.3605069273261264,
    0.2641397177467456,
    0.22358480555271754,
    0.19076080904413406,
    0.21190884571235757,
    0.16786808766984873,
    0.11462042876112571,
    0.12919483758767408,
    0.1399597701859075,
    0.15784163649578264,
    0.1132265440260536,
    0.09408924645018829,
    0.15090189535500215,
    0.10683074264759686,
    0.10666078598061617,
    0.11979384860595765,
    0.08482094808338275,
    0.1037684410612717,
    0.10698341568344777,
    0.10789138672674607,
    0.10429972722667867,
    0.11745923757807282,
    0.13086196148079743,
    0.08400055825838404,
    0.09579132999872787,
    0.11346859745066165,
    0.08703465479410581,
    0.0863229586472051,
    0.08402350541224803,
    0.09160977673836818,
    0.08111273219039274,
    0.07462678669507546,
    0.09995201122631851,
    0.08878729606960294,
    0.09062147826952992,
    0.09116946707328925,
    0.10581265360319796,
    0.10738001075877267,
    0.10494098314265853,
    0.09211339695365413,
    0.0981938798138394,
    0.145278972193068,
    0.09872015756448145,
    0.12643585273364735,
    0.09838817661143148,
    0.10056746377505202,
    0.1044874335214695,
    0.09019748577289512,
    0.1356866266321712,
    0.141350946465012,
    0.11374336590303624,
    0.1101243596126968,
    0.10240644787074225,
    0.10649611469125375,
    0.10940020606475861,
    0.12126017699890473,
    0.10389098938931732,
    0.1225371044448767,
    0.13258222095007857,
    0.12746421387546195,
    0.14164367229119806,
    0.1560793616078178,
    0.14005907089497124,
    0.17416586973422254,
    0.1481993792102114,
    0.13740521330067657,
    0.12259875620889053,
    0.13921876900902008,
    0.13902061434131469,
    0.14662939641031428,
    0.14397086296364,
    0.14958510337585296
  ],