{
  "train_loss": [
    1.0265445564474378,
    0.37099306136369703,
    0.24436355446066174,
    0.1990308063370841,
    0.17702597454190255,
    0.16509511289852005,
    0.15117908817316805,
    0.14507255543555533,
    0.13024480247071812,
    0.14495957669402873,
    0.13261019278849875,
    0.12332985193601677,
    0.11873627874468054,
    0.12486351132392884,
    0.12304494370307241,
    0.11865759023598262,
    0.11744355846728598,
    0.1148050286940166,
    0.10796035384493215,
    0.11153625510632992,
    0.10452676628317152,
    0.11605210559708731,
    0.10593520802046572,
    0.10813701929790633,
    0.09940750255648578,
    0.0972166262034859,
    0.09979649015835353,
    0.11035321897694043,
    0.09763938555760043,
    0.10078479142061302,
    0.09911920646471636,
    0.09903732846890177,
    0.1006208433370505,
    0.09378472321799823,
    0.09811488315463066,
    0.09415145441889763,
    0.09844406513231141,
    0.09910169360893113,
    0.09074700033026083,
    0.09340635809515203,
    0.0891362481883594,
    0.09012648037501744,
    0.08563319146633148,
    0.08971577959933451,
    0.08775549360683986,
    0.08587932490876743,
    0.0841825159000499,
    0.08151458033493587,
    0.08814871587923595,
    0.08716632968613079,
    0.07879869379103184,
    0.08663145905094487,
    0.08067330797868115,
    0.08783137657280479,
    0.08001997188798018,
    0.08030494299850294,
    0.08156085312366486,
    0.08246218248137406,
    0.08057350731853928,
    0.07633199561387301,
    0.08001421344067369,
    0.08062294064355748,
    0.07309536933898926,
    0.07284771768110139,
    0.07150409139160599,
    0.07517730987497738,
    0.07233380395919084,
    0.07484978418797254,
    0.07149928776281221,
    0.07194512451865843,
    0.07189975237207753,
    0.07518459034285375,
    0.07265619542449712
  ],
  "train_traj_loss": [
    0.7941658752305167,
    0.2383456351501601,
    0.14894641797457422,
    0.1310050640787397,
    0.12172448150813579,
    0.10837308493043696,
    0.10376371640179838,
    0.09671468032257897,
    0.08782642254871982,
    0.0989105688141925,
    0.09136534641895976,
    0.08558541589549609,
    0.08091730031051807,
    0.08184160111205918,
    0.08716788981109858,
    0.08476958610117435,
    0.08010861708649568,
    0.08042822855391672,
    0.07378664809678281,
    0.07477137004690511,
    0.07246233826237065,
    0.07738341609282152,
    0.07487141106809889,
    0.07246363503592355,
    0.06931077148765326,
    0.06843255822147642,
    0.06943645240472895,
    0.07732706783073288,
    0.06873442546597548,
    0.06688655646783966,
    0.06939243990927935,
    0.06915783541543143,
    0.06912616656294891,
    0.06537551448813507,
    0.06415899654052087,
    0.06829191228108747,
    0.07054796892085245,
    0.07139572019555739,
    0.06411444286682776,
    0.06710021530411073,
    0.061512276636702674,
    0.06750550286046096,
    0.06172037002231393,
    0.06309023363781827,
    0.06299799087324313,
    0.05900442586945636,
    0.06089767858918224,
    0.05960827376693487,
    0.06451800082411085,
    0.06231725298400436,
    0.05839635341295174,
    0.059814401636166234,
    0.05644638445228338,
    0.06087927616068295,
    0.0618558632209897,
    0.05613491314330271,
    0.05876406588192497,
    0.061143006251326626,
    0.05853147812719856,
    0.05704413045729909,
    0.05865730265421527,
    0.05699057573718684,
    0.05257990583777428,
    0.053338880757136005,
    0.05205053713704858,
    0.05653155619012458,
    0.053594682605138846,
    0.057462381970669545,
    0.055656323209404945,
    0.05494522803596088,
    0.054624518645661216,
    0.05817925051919052,
    0.05490640250167676
  ],
  "train_intent_loss": [
    1.1618933703218188,
    0.6632371114833014,
    0.47708567242537225,
    0.3401286994772298,
    0.2765074582238283,
    0.283610139281622,
    0.237076859309205,
    0.24178937315674764,
    0.2120918989713703,
    0.23024503947900873,
    0.2062242314485567,
    0.1887221773687218,
    0.18909489130601287,
    0.21510955142522498,
    0.17938526714486736,
    0.16944002163862543,
    0.18667470384389162,
    0.1718839972546058,
    0.170868521792415,
    0.18382442014824066,
    0.16032213770252254,
    0.1933434445677059,
    0.15531898627190718,
    0.17836691431501614,
    0.15048365191157376,
    0.1439203386261527,
    0.1518001874975328,
    0.16513075015640685,
    0.14452479987272193,
    0.1694911699376202,
    0.14863382850640586,
    0.14939746410985077,
    0.15747337616048754,
    0.1420460380680327,
    0.16977943258243614,
    0.12929771053272165,
    0.1394804786691176,
    0.13852986472193152,
    0.13316278395442557,
    0.13153071464039384,
    0.13811985864304005,
    0.11310488380092595,
    0.11956410288278546,
    0.13312772883967097,
    0.12378751197663534,
    0.13437449147459118,
    0.11642418287561408,
    0.10953153218142689,
    0.1181535719461473,
    0.1242453801645232,
    0.10201170009427837,
    0.13408528618913676,
    0.12113461491452264,
    0.13476050421595573,
    0.0908205391739362,
    0.12085014740670366,
    0.11398393422631281,
    0.1065958802455238,
    0.11021014293323138,
    0.09643932558330041,
    0.10678455043650631,
    0.11816182088639055,
    0.10257731680758297,
    0.09754418441693165,
    0.09726776936191267,
    0.09322876788210124,
    0.09369560554623604,
    0.0869370074809662,
    0.0792148208366208,
    0.08499948101899853,
    0.08637616934969888,
    0.08502669607987627,
    0.08874896444945729
  ],
  "val_loss": [
    0.37873672450563206,
    0.11908168842462928,
    0.10189774577347277,
    0.08632584714979405,
    0.09372400514441888,
    0.08688119928582315,
    0.06691018419986383,
    0.06505328096046752,
    0.06732793179370908,
    0.045026511988550726,
    0.05644449264377429,
    0.05798146845777946,
    0.05074255659593692,
    0.05662138714407028,
    0.05208498113188795,
    0.04688206918697243,
    0.05203281980770178,
    0.03384025820874605,
    0.04219059564410119,
    0.045729218630118126,
    0.04623084154051696,
    0.04647467928093667,
    0.04347747723535354,
    0.06855288074696518,
    0.05021553514729911,
    0.040813700401978605,
    0.043333653115319684,
    0.04892326149782959,
    0.04721377088470226,
    0.0339454498794489,
    0.03953678156788091,
    0.0451363348597803,
    0.03753828025457559,
    0.03329267519181513,
    0.04935542663038753,
    0.04759182997696573,
    0.034048708114541984,
    0.054647212039260394,
    0.03919869587926614,
    0.035564867922431014,
    0.03600405364584047,
    0.03073112231866847,
    0.04166756602486862,
    0.04436519717572432,
    0.030987762068287728,
    0.034280237106313546,
    0.03725598917824906,
    0.03549826529024954,
    0.03867930264133903,
    0.03312120051069188,
    0.03259019891332503,
    0.03747378368712006,
    0.045232463777385545,
    0.03223897723021498,
    0.029194784552894947,
    0.03509316137075774,
    0.03620838400308962,
    0.03548524308388348,
    0.03393002975546281,
    0.03302212570632267,
    0.03561682260738748,
    0.03825236490057572,
    0.043335707198126155,
    0.03446033648724869,
    0.0386392568846464,
    0.03292634350614466,
    0.03634368910653238,
    0.03394328563165415,
    0.034242647751991935,
    0.03709250606985877,
    0.033197379570063426,
    0.037065018833174895,
    0.03826214711968004
  ],