{
  "train_loss": [
    0.7910373436553138,
    0.2216357794191156,
    0.12803074435463974,
    0.11844430677592754,
    0.10658513557698046,
    0.09751167824225766,
    0.09474231068577085,
    0.0894882716770683,
    0.08250612515423979,
    0.08927862920931408,
    0.08456231728196144,
    0.08042086330907686,
    0.07734015200819289,
    0.07325029900031431,
    0.07749281083898885,
    0.08009571645941053,
    0.07152316147195441,
    0.07602855493979795,
    0.0707775247416326,
    0.07006667583648647,
    0.06651636543018477,
    0.07381106503307819,
    0.07155757509171963,
    0.06751805240554469,
    0.06856089904904365,
    0.06466990001499653,
    0.0691088919926967,
    0.07280334388571126,
    0.06521193494221994,
    0.0634839767324073,
    0.06863085731331792,
    0.06714387961796352,
    0.06988163127430848,
    0.061592012244675844,
    0.06184852471841233,
    0.06378212329000235,
    0.06805390678346157,
    0.06772216209875685,
    0.06512092652597598,
    0.06320002166820424,
    0.059459789762539524,
    0.06382073964923621,
    0.060337542183697225,
    0.06060336751065084,
    0.061092240044048854,
    0.058881431951054504,
    0.05950933833207403,
    0.05925655144133738,
    0.06213509586772748,
    0.062116374181849614,
    0.05668124229248081,
    0.05669876789408071,
    0.052952881902456284,
    0.05941520947962999,
    0.060914133302867414,
    0.05467932998601879,
    0.0580559519518699,
    0.05745442299438375,
    0.05588139487164361,
    0.05308417276080166,
    0.05623350316392524,
    0.05354502773178475,
    0.051995496664728434,
    0.05148153507283756,
    0.0513887381447213,
    0.05574192689465625
  ],
  "train_traj_loss": [
    0.7910373436553138,
    0.2216357794191156,
    0.12803074435463974,
    0.11844430677592754,
    0.10658513557698046,
    0.09751167824225766,
    0.09474231068577085,
    0.0894882716770683,
    0.08250612515423979,
    0.08927862920931408,
    0.08456231728196144,
    0.08042086330907686,
    0.07734015200819289,
    0.07325029900031431,
    0.07749281083898885,
    0.08009571645941053,
    0.07152316147195441,
    0.07602855493979795,
    0.0707775247416326,
    0.07006667583648647,
    0.06651636543018477,
    0.07381106503307819,
    0.07155757509171963,
    0.06751805240554469,
    0.06856089904904365,
    0.06466990001499653,
    0.0691088919926967,
    0.07280334388571126,
    0.06521193494221994,
    0.0634839767324073,
    0.06863085731331792,
    0.06714387961796352,
    0.06988163127430848,
    0.061592012244675844,
    0.06184852471841233,
    0.06378212329000235,
    0.06805390678346157,
    0.06772216209875685,
    0.06512092652597598,
    0.06320002166820424,
    0.059459789762539524,
    0.06382073964923621,
    0.060337542183697225,
    0.06060336751065084,
    0.061092240044048854,
    0.058881431951054504,
    0.05950933833207403,
    0.05925655144133738,
    0.06213509586772748,
    0.062116374181849614,
    0.05668124229248081,
    0.05669876789408071,
    0.052952881902456284,
    0.05941520947962999,
    0.060914133302867414,
    0.05467932998601879,
    0.0580559519518699,
    0.05745442299438375,
    0.05588139487164361,
    0.05308417276080166,
    0.05623350316392524,
    0.05354502773178475,
    0.051995496664728434,
    0.05148153507283756,
    0.0513887381447213,
    0.05574192689465625
  ],
  "train_intent_loss": [
    1.3881587249892098,
    1.386408155305045,
    1.3864005088806153,
    1.386305318559919,
    1.3862944892474582,
    1.3862943581172398,
    1.3862943649291992,
    1.3862943649291992,
    1.3862943649291992,
    1.3862943649291992,
    1.3862943649291992,
    1.3862943649291992,
    1.3862943649291992,
    1.3862943649291992,
    1.3862943649291992,
    1.3862943649291992,
    1.3862943649291992,
    1.3862943649291992,
    1.3862943649291992,
    1.3862943649291992,
    1.3862943649291992,
    1.3862943649291992,
    1.3862943649291992,
    1.3862943649291992,
    1.3862943649291992,
    1.3862943649291992,
    1.3862943649291992,
    1.3862943649291992,
    1.3862943649291992,
    1.3862943649291992,
    1.3862943649291992,
    1.3862943649291992,
    1.3862943649291992,
    1.3862943649291992,
    1.3862943649291992,
    1.3862943649291992,
    1.3862943649291992,
    1.3862943649291992,
    1.3862943649291992,
    1.3862943649291992,
    1.3862943649291992,
    1.3862943649291992,
    1.3862943649291992,
    1.3862943649291992,
    1.3862943649291992,
    1.3862943649291992,
    1.3862943649291992,
    1.3862943649291992,
    1.3862943649291992,
    1.3862943649291992,
    1.3862943649291992,
    1.3862943649291992,
    1.3862943649291992,
    1.3862943649291992,
    1.3862943649291992,
    1.3862943649291992,
    1.3862943649291992,
    1.3862943649291992,
    1.3862943649291992,
    1.3862943649291992,
    1.3862943649291992,
    1.3862943649291992,
    1.3862943649291992,
    1.3862943649291992,
    1.3862943649291992,
    1.3862943649291992
  ],
  "val_loss": [
    0.3421862109190089,
    0.08388749300807259,
    0.05102421617055084,
    0.057898246967355724,
    0.03884970440705181,
    0.055871757638272644,
    0.052634162479588624,
    0.044467785839991864,
    0.06031063428137443,
    0.04151449813830308,
    0.03566797060091821,
    0.050317115646936444,
    0.03093928256172887,
    0.04915435144244823,
    0.027965948421888837,
    0.02327174309076966,
    0.032581130119180915,
    0.022201188528789797,
    0.029607453874711916,
    0.027118619145163614,
    0.03468721770624504,
    0.029634775075599893,
    0.02379844696930758,
    0.04932154498631633,
    0.027680358490052605,
    0.025886944473885544,
    0.01915244011838278,
    0.023246453167549353,
    0.031513815350839705,
    0.022187607607325868,
    0.030893864457006974,
    0.03372695076563518,
    0.03205881367025004,
    0.018669516357858094,
    0.026613795344654762,
    0.04022816369423386,
    0.020185159541984618,
    0.041869144901728834,
    0.017964350726887814,
    0.01828867304422252,
    0.02406809799254701,
    0.02068738547664931,
    0.020845642593263127,
    0.025041587670093735,
    0.018466302974230416,
    0.01859394647181034,
    0.025611210395782825,
    0.024065194530493893,
    0.02170779303048725,
    0.018700916917158868,
    0.015248003939251053,
    0.018085107801035484,
    0.029667509798780002,
    0.018459260322135268,
    0.016115781799323277,
    0.017483071335897667,
    0.020649816188560932,
    0.01550095850298299,
    0.018421767621062693,
    0.019435294609694533,
    0.018974356098973914,
    0.018626135064090204,
    0.02042577532968381,
    0.016873260136878253,
    0.016358727196554422,
    0.01759340842839396
  ],