{
  "train_loss": [
    1.7543842537062508,
    0.8491867899894714,
    0.6385243630834988,
    0.46143876569611686,
    0.42423171060425896,
    0.40115531491381784,
    0.3632505933088916,
    0.3363253990454333,
    0.2946275042636054,
    0.30858018196054865,
    0.2897056173533201,
    0.29216997655374666,
    0.24947865190250532,
    0.2686675020626613,
    0.22707389539905956,
    0.22677186951041223,
    0.23172856244657722,
    0.2299655389572893,
    0.2354698129530464,
    0.22379088529518673,
    0.19826419119324004,
    0.25872527302375864,
    0.21413248090871742,
    0.22351691031030246,
    0.20833050470267023,
    0.25229790173470973,
    0.18566334290163858,
    0.21983784783099378,
    0.20685382581182887,
    0.19276990443468095,
    0.20272148150418487,
    0.19555285913603646,
    0.21914182587393694,
    0.16414535034980093,
    0.17651696018874646,
    0.18182585526789938,
    0.16972926413374287,
    0.184845839121512,
    0.15984569250472955,
    0.1621463427586215,
    0.1366596724039742,
    0.1381174410028117,
    0.12513053081929684,
    0.17641458170754568,
    0.14218834290014845,
    0.11767086897577558,
    0.12069623049880777,
    0.13020188733935356,
    0.15135833312358174,
    0.10900309261466776,
    0.12364825553127698,
    0.13404720758220978,
    0.12879130707255432,
    0.13573793792831046,
    0.11182151990277427,
    0.11278410426207951,
    0.12001427497182574,
    0.11469516674322741,
    0.11922314616718463,
    0.08867175435381276,
    0.11747925630105394,
    0.08960485378546375,
    0.09406835548579692,
    0.0822867553415043,
    0.07529113226171051,
    0.07269693543868405,
    0.06864079915519272,
    0.0722731614485383,
    0.06719210097300155,
    0.06481509520007031,
    0.08711045360458748,
    0.07247975465974638,
    0.07422951265637363
  ],
  "train_traj_loss": [
    0.8549565200294768,
    0.3648340976663998,
    0.2519279212823936,
    0.19343191789729255,
    0.16320723806108747,
    0.15332770464675768,
    0.15881024418132647,
    0.13298009500971864,
    0.11463557008121694,
    0.11937556192278861,
    0.11401680255574839,
    0.10399155286805971,
    0.09663498210055488,
    0.10265277405934674,
    0.10406384968331882,
    0.10164639582591398,
    0.09190222690148013,
    0.09599520228803157,
    0.08855115345546177,
    0.09391205151166235,
    0.08469346123082297,
    0.09099681664790427,
    0.0857120363840035,
    0.08317924604884215,
    0.08579133275364126,
    0.08359007920537675,
    0.0771368539759091,
    0.09060451127588749,
    0.07565746272781065,
    0.078273262030312,
    0.07663067584591253,
    0.07894763041819845,
    0.08003921269306115,
    0.0727149097515004,
    0.07106871195137501,
    0.07425380649843387,
    0.08132786809333734,
    0.08027357570827007,
    0.07184247661914145,
    0.06885976589151792,
    0.06926238672541721,
    0.07117212417402438,
    0.06559506226330995,
    0.07038632844175612,
    0.06974834743887186,
    0.06368705377514873,
    0.06626475187284606,
    0.06411961939718042,
    0.0691278223480497,
    0.0629904694589121,
    0.06098011460687433,
    0.06270163729786873,
    0.058594320927347454,
    0.06366222322519337,
    0.06713466106780938,
    0.05940852186509541,
    0.06461008494453771,
    0.06242896435516221,
    0.0641850607469678,
    0.05965183225593396,
    0.06311130217675652,
    0.05988291501998901,
    0.05470557191542217,
    0.055799391120672226,
    0.05622256023011037,
    0.05972193947860173,
    0.05743942476276841,
    0.0607801932309355,
    0.05594581892447812,
    0.05461084193417004,
    0.0557643521843212,
    0.06099978405982256,
    0.05665723423340491
  ],
  "train_intent_loss": [
    1.1242846450635364,
    0.6054408517267023,
    0.483245540995683,
    0.33500854766794613,
    0.3262805814721755,
    0.30978450666048696,
    0.2555504313670099,
    0.25418162550111967,
    0.22498991003459587,
    0.23650576848137592,
    0.21961101354765042,
    0.2352230197750032,
    0.1910545857024512,
    0.20751840787623743,
    0.15376255472822647,
    0.1564068395877257,
    0.174782917203681,
    0.16746291728257867,
    0.18364832054669802,
    0.16234854046321873,
    0.14196340975883817,
    0.20966056719522125,
    0.16052555059515206,
    0.17542207758940223,
    0.15317396099978525,
    0.21088477419356683,
    0.13565810966704572,
    0.161541671462224,
    0.16399544968319657,
    0.14312080006680583,
    0.1576135044410226,
    0.14575653290126606,
    0.17387826288343475,
    0.11428804725125831,
    0.13181030700507107,
    0.13446506010462014,
    0.11050174336248476,
    0.13071532600775493,
    0.1100040160676664,
    0.11660822167302415,
    0.08424660521237197,
    0.08368164647732296,
    0.07441933445983782,
    0.13253531576800534,
    0.09054999320672193,
    0.06747976867419701,
    0.06803934673204952,
    0.08260283411273121,
    0.10278813661612471,
    0.057515778442276705,
    0.07833517297549406,
    0.08918196345330216,
    0.08774623192049538,
    0.09009464104424945,
    0.05585857204964018,
    0.06671947691616618,
    0.06925523633466842,
    0.06533275167182312,
    0.06879760493674049,
    0.03627490147170777,
    0.06795994069982823,
    0.03715242252014182,
    0.049203478363265926,
    0.0331092050688572,
    0.02383571391066133,
    0.016218744949856045,
    0.014001718557269019,
    0.014366209107902251,
    0.014057852552481823,
    0.01275531644910513,
    0.03918262580685093,
    0.01434996301760358,
    0.02196534779772849
  ],
  "val_loss": [
    0.6630887280840541,
    0.32865789913222615,
    0.26550894946939674,
    0.1881987593768624,
    0.20776654203985634,
    0.21734331920946334,
    0.17082513434462673,
    0.12072584641778102,
    0.1231893111129879,
    0.11673081471705728,
    0.15414446253201408,
    0.10925198337073361,
    0.09619947214733898,
    0.13338221872368888,
    0.0966783276925323,
    0.104410177849103,
    0.08103083857977214,
    0.08735902149405118,
    0.10612446008192672,
    0.10652920808127113,
    0.11272765271310739,
    0.08879025199785565,
    0.08846271023109523,
    0.11235257586938081,
    0.07167540530889706,
    0.07749011412765688,
    0.07892448752043325,
    0.08430031713875576,
    0.08776961030071503,
    0.0809823660538115,
    0.09614501046077815,
    0.08673383254129806,
    0.09164758339116562,
    0.09293157314737688,
    0.07332607944380069,
    0.07879808247039821,
    0.09619247868443473,
    0.11656440391729374,
    0.10128105771971557,
    0.0874794315613855,
    0.09726232232298579,
    0.09468489589081167,
    0.09190827529280352,
    0.08683002105007644,
    0.09174359540573747,
    0.08720861097231435,
    0.09646943246578572,
    0.1001691049469155,
    0.09512812503934817,
    0.1171515067408069,
    0.09456801756853736,
    0.09979862332883938,
    0.0986457984448679,
    0.09934727884915466,
    0.09904228825748422,
    0.11287646440956355,
    0.08871259102961312,
    0.09795754224618115,
    0.10119666982896236,
    0.11962644916658029,
    0.09338583396930719,
    0.10383135671361338,
    0.11816797980726808,
    0.10335371323356504,
    0.11041481752530925,
    0.11183205711086967,
    0.12536326926523123,
    0.11032935555986949,
    0.11740504868460619,
    0.14244737487037104,
    0.12299949847167871,
    0.11561332801832232,
    0.12249697098474417
  ],