{
  "train_loss": [
    1.3585185373530668,
    1.095303055118112,
    0.8556114294949699,
    0.7456434561925775,
    0.7003907087971183,
    0.5835971569313723,
    0.5952375864281374,
    0.6028298034387476,
    0.5335839846554924,
    0.49567128104322095,
    0.5051213643130135,
    0.38585329932325024,
    0.4202089844381108,
    0.3037564487141721,
    0.34135182903093453,
    0.28020716809174595,
    0.22761938326499043,
    0.20926780122167923,
    0.2380854156525696,
    0.24211727301864064,
    0.2647694989162333,
    0.21575252295416944,
    0.1832184025689083,
    0.22729707717457237,
    0.2137568934875376,
    0.20191956004675696,
    0.20576342677368836,
    0.22271250670447068,
    0.19553231754723718,
    0.1551677124465213,
    0.14819516438771696,
    0.19838261313955574
  ],
  "val_loss": [
    1.18480683863163,
    0.7812045104801655,
    0.701425239443779,
    0.5299161244183779,
    0.5450061745941639,
    0.5318676680326462,
    0.4721132982522249,
    0.5113229379057884,
    0.4628404974937439,
    0.5426671565510333,
    0.4299398446455598,
    0.6295640021562576,
    0.3440705379471183,
    0.39346329495310783,
    0.24967834446579218,
    0.2691972414031625,
    0.21662358473986387,
    0.25662994757294655,
    0.16327570658177137,
    0.1821755012497306,
    0.20586242340505123,
    0.26052834233269095,
    0.2274449961259961,
    0.30411978875054047,
    0.24979236349463463,
    0.19501732382923365,
    0.243302752263844,
    0.24301585683133453,
    0.22037042677402496,
    0.24828125082422048,
    0.27781307860277593,
    0.2401449321769178
  ],
  "val_accuracy": [
    0.5583333333333333,
    0.6416666666666667,
    0.6916666666666667,
    0.725,
    0.7166666666666667,
    0.725,
    0.725,
    0.7583333333333333,
    0.85,
    0.7666666666666667,
    0.8333333333333334,
    0.8416666666666667,
    0.8916666666666667,
    0.8916666666666667,
    0.9416666666666667,
    0.925,
    0.95,
    0.9416666666666667,
    0.95,
    0.9416666666666667,
    0.9416666666666667,
    0.95,
    0.9416666666666667,
    0.9333333333333333,
    0.925,
    0.9333333333333333,
    0.9416666666666667,
    0.9416666666666667,
    0.95,
    0.9333333333333333,
    0.95,
    0.95
  ],
  "val_f1": [
    0.4682112988564601,
    0.5772668882065797,
    0.60385979398403,
    0.6278176883780333,
    0.6240023159952405,
    0.6401639321568566,
    0.6288921957671957,
    0.697349116298888,
    0.8346013242957768,
    0.7414342065514808,
    0.8297422082157894,
    0.8438952012729976,
    0.8901708007872391,
    0.8893990103168837,
    0.940854551852807,
    0.923681912359159,
    0.9493197680027444,
    0.9411538375532682,
    0.9492111217534945,
    0.9411538375532682,
    0.9411538375532682,
    0.9493197680027444,
    0.9411538375532682,
    0.9318150038302081,
    0.924193331773717,
    0.93167289959866,
    0.9411288156446848,
    0.9407226489161974,
    0.9492594123259503,
    0.9323947804220191,
    0.9492594123259503,
    0.9494341640448198
  ]
}