{
  "lambda_values": [
    0,
    0.1,
    0.2,
    0.3,
    0.4,
    0.5,
    1.0
  ],
  "baseline": {
    "trajectory": {
      "rmse": 0.11306252330541611,
      "mae": 0.07618358731269836,
      "ade": 0.5126842260360718,
      "fde": 0.513205349445343
    },
    "intent": {
      "accuracy": 0.975,
      "f1": 0.9747436050461833
    }
  },
  "mtl_results": {
    "0": {
      "trajectory": {
        "rmse": 0.11005747318267822,
        "mae": 0.07324115186929703,
        "ade": 0.49480706453323364,
        "fde": 0.49408990144729614
      },
      "intent": {
        "accuracy": 0.20833333333333334,
        "f1": 0.07183908045977012
      }
    },
    "0.1": {
      "trajectory": {
        "rmse": 0.1103086918592453,
        "mae": 0.07290460914373398,
        "ade": 0.4927709400653839,
        "fde": 0.49199673533439636
      },
      "intent": {
        "accuracy": 0.9666666666666667,
        "f1": 0.9664418589271206
      }
    },
    "0.2": {
      "trajectory": {
        "rmse": 0.11662562191486359,
        "mae": 0.0783969908952713,
        "ade": 0.5286338329315186,
        "fde": 0.5289677977561951
      },
      "intent": {
        "accuracy": 0.9666666666666667,
        "f1": 0.9665738894427827
      }
    },
    "0.3": {
      "trajectory": {
        "rmse": 0.12070062011480331,
        "mae": 0.07972804456949234,
        "ade": 0.5364859700202942,
        "fde": 0.5362900495529175
      },
      "intent": {
        "accuracy": 0.9833333333333333,
        "f1": 0.9833546462063085
      }
    },
    "0.4": {
      "trajectory": {
        "rmse": 0.11597588658332825,
        "mae": 0.0743999034166336,
        "ade": 0.5028373599052429,
        "fde": 0.5030566453933716
      },
      "intent": {
        "accuracy": 0.95,
        "f1": 0.9488911458472601
      }
    },
    "0.5": {
      "trajectory": {
        "rmse": 0.1108865737915039,
        "mae": 0.07195141911506653,
        "ade": 0.4903385639190674,
        "fde": 0.489223837852478
      },
      "intent": {
        "accuracy": 0.9666666666666667,
        "f1": 0.9663688667955446
      }
    },
    "1.0": {
      "trajectory": {
        "rmse": 0.11153554916381836,
        "mae": 0.07192669063806534,
        "ade": 0.49360835552215576,
        "fde": 0.4934070408344269
      },
      "intent": {
        "accuracy": 0.9666666666666667,
        "f1": 0.9664102017618641
      }
    }
  }
}