{
  "train_loss": [
    0.910425934621266,
    0.30037896654435564,
    0.19035200721451215,
    0.1619454274220126,
    0.14176110880715506,
    0.12984366895897048,
    0.12170496093375342,
    0.11529528237879276,
    0.10759887642094067,
    0.11902946792542934,
    0.11195606136960642,
    0.10304169399397714,
    0.0969475014933518,
    0.09545307537274701,
    0.10104938564555986,
    0.09949930842433657,
    0.0965625586254256,
    0.09364409297704697,
    0.08967824407986232,
    0.0920758138277701,
    0.08914129313613688,
    0.0938060856291226,
    0.0895932711660862,
    0.08513114260775702,
    0.087939734810165,
    0.08473574657525335,
    0.08374092573566096,
    0.0906225704721042,
    0.08338971601000854,
    0.08401181112442697,
    0.08579452676432474,
    0.08242713995277881,
    0.08446474163127797,
    0.08042003650750433,
    0.0794913468084165,
    0.07805843763053417,
    0.0860821755869048,
    0.08344732602792126,
    0.07841950692236424,
    0.07933346980384418,
    0.07374900127095836,
    0.08244044557213784,
    0.0753419234550425,
    0.07336730480726276,
    0.07644080562250954,
    0.07414878739842347,
    0.07328087118055139,
    0.07106645527694906,
    0.07608447458062853,
    0.0753229991133724,
    0.06803611852228642,
    0.07073354995144265,
    0.06688303617494447,
    0.0721520819036024,
    0.07330232805439404,
    0.06936827831502472,
    0.07180832036371743,
    0.07278770663376366,
    0.07109225328479495,
    0.06786465801830803,
    0.07202220947614738,
    0.06915412228554488,
    0.06316590399614402,
    0.06493821207966123,
    0.06392236830932753,
    0.06675196470958845
  ],
  "train_traj_loss": [
    0.7895804175308773,
    0.22812986097165516,
    0.13674014285206795,
    0.12043770120612213,
    0.11094228103756905,
    0.10276423245668412,
    0.09706728202956064,
    0.09262570211929934,
    0.08509663726602282,
    0.09619983253734453,
    0.08834602758288383,
    0.08192302786878176,
    0.07731239087879657,
    0.07642338816076517,
    0.08096465976642711,
    0.08167246380554778,
    0.07617544161954097,
    0.07547918137695109,
    0.07105983578200852,
    0.07345078443842275,
    0.06960999300437314,
    0.07481561579874584,
    0.07248281985521317,
    0.06814391038247518,
    0.06924737361924989,
    0.06844259596296719,
    0.06820505721760647,
    0.07406412073011909,
    0.06721858166690384,
    0.06669225389403956,
    0.0698160968720913,
    0.06807375787092107,
    0.06720527469047478,
    0.06343384305281298,
    0.06234172965799059,
    0.06410651789712055,
    0.07145130756710256,
    0.06786350368389062,
    0.06309562006167004,
    0.06474907509982586,
    0.06054843201168946,
    0.06850822823388236,
    0.06020257510244846,
    0.060261382907629016,
    0.06256363125784056,
    0.05924837554671935,
    0.060542769410780496,
    0.05809506130005632,
    0.06292268612555095,
    0.06250166084085192,
    0.056095204635390215,
    0.05564323708947216,
    0.05369662299220051,
    0.05934012670602117,
    0.062343705152826646,
    0.05478553308972291,
    0.058985879431877816,
    0.05943491347134113,
    0.057286190294793676,
    0.05583458814237799,
    0.05849692222795316,
    0.05632231232843229,
    0.05222705967192139,
    0.05319671758583614,
    0.05184894097702844,
    0.0546344983790602
  ],
  "train_intent_loss": [
    1.20845525094441,
    0.7224910399743489,
    0.5361186346837452,
    0.41507725204740253,
    0.3081882650830916,
    0.270794361004872,
    0.24637678672692606,
    0.22669578846544028,
    0.22502239205475363,
    0.22829634299767868,
    0.23610033435480934,
    0.2111866561163749,
    0.1963511054537126,
    0.19029687251895666,
    0.20084724979741234,
    0.1782684437930584,
    0.2038711673713156,
    0.18164911424475058,
    0.18618408317810722,
    0.1862502938934735,
    0.19531299686059356,
    0.1899046984235091,
    0.17110450901091098,
    0.16987231693097524,
    0.1869236040195184,
    0.16293150250400815,
    0.15535868164151906,
    0.16558449876361658,
    0.1617113352886268,
    0.17319556514599493,
    0.15978429686012013,
    0.1435338197009904,
    0.17259467004000076,
    0.16986193132719823,
    0.17149617037503048,
    0.13951919646933675,
    0.14630867717787624,
    0.1558382208758433,
    0.15323886792175473,
    0.14584394712001086,
    0.13200568936632148,
    0.13932216756178864,
    0.15139348445061063,
    0.13105921862380845,
    0.13877174193039538,
    0.1490041222356792,
    0.1273810171189585,
    0.12971394064037928,
    0.1316178835795394,
    0.12821338142467928,
    0.11940913425226296,
    0.15090312421587962,
    0.13186413448170892,
    0.12811955070522216,
    0.10958622317827706,
    0.1458274496103903,
    0.12822440811432897,
    0.13352792651525566,
    0.13806062717589418,
    0.12030069530342839,
    0.1352528659959457,
    0.12831809355411677,
    0.10938844364136457,
    0.11741494135265904,
    0.12073427428757506,
    0.12117466059114251
  ],
  "val_loss": [
    0.3366600340476268,
    0.09889710088022557,
    0.07021178246738072,
    0.06896659026560922,
    0.0620157528601538,
    0.07063565805338844,
    0.06609373007963033,
    0.050245309646107156,
    0.05915961565864659,
    0.04488717343547767,
    0.04608667736332132,
    0.056013701499366575,
    0.04723500506393205,
    0.058412654978708886,
    0.0417275315391583,
    0.03395565394103714,
    0.04308685574448753,
    0.029439271174049195,
    0.0378514695695274,
    0.0355683227326908,
    0.03489057656022208,
    0.03644878318986762,
    0.036575187136689565,
    0.048649586321060104,
    0.03472569438005598,
    0.03860755859290587,
    0.03097130522242743,
    0.034170028587788503,
    0.03202277603367289,
    0.02425988598212734,
    0.036452188755016504,
    0.04030587351141298,
    0.029462376359837967,
    0.025545273789033845,
    0.034168955266798993,
    0.041424934044007544,
    0.030626238757477796,
    0.04558962541481116,
    0.023644769475053118,
    0.023264896432479223,
    0.028332696940117478,
    0.024039982325970866,
    0.032908256309550236,
    0.033697090308028414,
    0.024479740443596246,
    0.023919914894410425,
    0.03270979257713288,
    0.028539961189698575,
    0.028520965399795036,
    0.021285162192082294,
    0.021304553829220696,
    0.02629253014975012,
    0.03283938539265777,
    0.023228444009953216,
    0.025279629984580786,
    0.029013206543020628,
    0.025143676961878393,
    0.022189317979073604,
    0.026802708612182778,
    0.025812933311185608,
    0.025250560130907974,
    0.028007990828823038,
    0.02938860021096613,
    0.023950331244774276,
    0.023522224173710558,
    0.023695410283247575
  ],