{
  "train_loss": [
    1.1468713513442448,
    0.4485754913517407,
    0.3019786781498364,
    0.23680530041456221,
    0.21621832783733094,
    0.19649649209209852,
    0.188161474732416,
    0.17390168287924357,
    0.15955797444496836,
    0.1689775936305523,
    0.1552918376667159,
    0.14616075610475882,
    0.1447205395570823,
    0.156305475586227,
    0.14802974217704365,
    0.1388603661209345,
    0.14017164249505315,
    0.13133273859109199,
    0.13110077056501593,
    0.13480998634227684,
    0.12013939752110413,
    0.13387500712914127,
    0.12491563452141626,
    0.12352007691349302,
    0.11418885343841144,
    0.1171929056090968,
    0.12367730593042714,
    0.1270006712526083,
    0.11140754009996141,
    0.11491266983960356,
    0.11500651740602084,
    0.11392724090921028,
    0.11586855846856321,
    0.11047942473420075,
    0.11011743848877294,
    0.10610739003334727,
    0.1081631104860987,
    0.10650345252028533,
    0.1009455679250615,
    0.09930486641824246,
    0.0936769993177482,
    0.1001484771126083,
    0.10444439037569932,
    0.09942314523671354,
    0.0919046985251563,
    0.09444523325988224,
    0.09193117086376462,
    0.08870071731507778,
    0.09103453233838081,
    0.09437609879033906,
    0.09012662073863405,
    0.08566365534705775,
    0.0805531743913889,
    0.07705500721931458,
    0.07883251958659716,
    0.0762073967073645,
    0.08306970170566014,
    0.07741354384592601,
    0.07689367697707244,
    0.0733638312135424,
    0.0780897883432252,
    0.07358220826302256,
    0.07674051608358111,
    0.07092412119465215,
    0.06999938828604561,
    0.07246833289308208,
    0.07174336362097944,
    0.07273671805326427,
    0.06639629240546907,
    0.06928764033530439,
    0.0659742683172226,
    0.07120396098388093,
    0.06771504833762135
  ],
  "train_traj_loss": [
    0.8031433301312583,
    0.2606073431670666,
    0.16788894395743098,
    0.14628649976636682,
    0.12936190409319742,
    0.111617411673069,
    0.10922061199588436,
    0.10235729148345334,
    0.09378299899399281,
    0.10161591651184218,
    0.09437784829310009,
    0.08829774835280009,
    0.08273904680141381,
    0.08295113774282592,
    0.08779089517359223,
    0.0867529981104391,
    0.08076171358781202,
    0.0829143477337701,
    0.07667891643941402,
    0.07803381271660328,
    0.0724762992135116,
    0.08107902535370418,
    0.07697577880961555,
    0.07499900587967463,
    0.07315720471420459,
    0.07166579544012036,
    0.07437914705702237,
    0.08130950177354472,
    0.06897656105990921,
    0.0692140278007303,
    0.0722670388008867,
    0.07130186068160194,
    0.07029126499380384,
    0.067400127250169,
    0.06493034394724029,
    0.06863948335605008,
    0.0724023151876671,
    0.07048373637454851,
    0.06619673751826798,
    0.0660486119932362,
    0.06378484820680959,
    0.07073880495237453,
    0.06236235204019717,
    0.06431172649775233,
    0.06539795569011143,
    0.06079133903341634,
    0.06466688572296074,
    0.06246513083044972,
    0.06643295322677918,
    0.06313033601535219,
    0.058806088619998524,
    0.05909178235701152,
    0.05684021511780364,
    0.06029623435544116,
    0.06367436474455254,
    0.05554624870419502,
    0.06374694558658771,
    0.05987066552042961,
    0.06019370787377868,
    0.05719716168407883,
    0.059917194156774455,
    0.056819200356091774,
    0.05405700568641935,
    0.05414509799863611,
    0.05242230442485639,
    0.05681417930339064,
    0.056582679599523546,
    0.058633728618068356,
    0.0555639564458813,
    0.05375865325331688,
    0.05454297446246658,
    0.05826004408299923,
    0.05524096158998353
  ],
  "train_intent_loss": [
    1.1457600333860942,
    0.6265604745064463,
    0.4469657626535211,
    0.30172932403428215,
    0.28952140129570453,
    0.28293025781001363,
    0.2631361980523382,
    0.2384812969448311,
    0.21924990797415375,
    0.22453891650906632,
    0.20304662361741066,
    0.1928766846523753,
    0.20660496682726912,
    0.2445144488675786,
    0.20079614826078926,
    0.17369121937081217,
    0.19803308769395309,
    0.1613946270463722,
    0.18140617223689331,
    0.1892539049265906,
    0.1588769865388583,
    0.1759865989509438,
    0.1597995144248541,
    0.16173690054565668,
    0.1367721562223908,
    0.15175702774098943,
    0.1643271903607196,
    0.15230389265343547,
    0.14143659113241094,
    0.15232880207643446,
    0.14246492333976285,
    0.14208459759663258,
    0.15192430681615535,
    0.14359764876176737,
    0.1506236411406592,
    0.12489301939494908,
    0.11920264715528382,
    0.12006571490118013,
    0.11582942912521373,
    0.11085417493845202,
    0.09964049801928923,
    0.09803223732659327,
    0.1402734549450023,
    0.11703805870908712,
    0.08835580559347624,
    0.11217964289077957,
    0.09088094862132233,
    0.08745195024530403,
    0.08200526063031117,
    0.10415253836212547,
    0.10440176793074768,
    0.08857290879823268,
    0.0790431951733938,
    0.05586257455537894,
    0.05052718020950644,
    0.06887048965457195,
    0.06440918324411281,
    0.05847625978702646,
    0.05566656211407722,
    0.053888895136099436,
    0.06057531124606612,
    0.05587669141511599,
    0.07561169766839677,
    0.055930073889404804,
    0.05859027749580231,
    0.052180510039657485,
    0.0505356124440628,
    0.04700996306762265,
    0.036107784615887796,
    0.0517632878857382,
    0.03810431088589082,
    0.04314638716979451,
    0.04158028898392721
  ],
  "val_loss": [
    0.4074717876958909,
    0.14920874936587492,
    0.13069185200777703,
    0.11924059306043627,
    0.10349875581135574,
    0.10972928234292642,
    0.07615890922078224,
    0.06553613279786522,
    0.07362290790237691,
    0.056093970128623806,
    0.0775643167048835,
    0.07022530634914968,
    0.07969206701904408,
    0.07408032659962306,
    0.057340347102342995,
    0.05290825565815314,
    0.07164076920883429,
    0.04239608011533573,
    0.05269218180809011,
    0.048895230350810545,
    0.042606651523723935,
    0.05039856207599471,
    0.045182816282384436,
    0.0776246327395433,
    0.05536755810714277,
    0.05673264219821126,
    0.052835396361866696,
    0.04511665304893715,
    0.05188796349719022,
    0.03799348201856371,
    0.052421407713087106,
    0.05350019875151313,
    0.05449481859018286,
    0.03791503240482721,
    0.042403490001978315,
    0.055676720923323215,
    0.04103373363585487,
    0.05379190709868354,
    0.050971584059054026,
    0.04079944127147527,
    0.04518521328777732,
    0.037720614633859464,
    0.04819425635419046,
    0.050687826866401955,
    0.04910926608250306,
    0.04118903845442636,
    0.049393895866771786,
    0.04618418965220256,
    0.04109783089510267,
    0.04705411933664198,
    0.04714772309585603,
    0.04051537548156768,
    0.051691033458794715,
    0.04431805199908914,
    0.04760530685401505,
    0.04326480439079693,
    0.050991509545149125,
    0.035958200389319545,
    0.06558385793326572,
    0.05820708382393942,
    0.05156409197540823,
    0.057237426728121,
    0.05379855328888427,
    0.04760850501559331,
    0.051122088047297565,
    0.05579386540454346,
    0.05001858165706243,
    0.049064591827706214,
    0.04443343342405156,
    0.06383138135367625,
    0.05489732829034029,
    0.04955516020976074,
    0.057262642370391026
  ],