{
  "train_loss": [
    0.09946316473685772,
    0.06127691089959149,
    0.05854613148203902,
    0.05622618442447922,
    0.05490147044559273,
    0.054330554889778115,
    0.054477458830305185,
    0.052823473607886355,
    0.05257835171335448,
    0.05216434618205634,
    0.05167422697289434,
    0.05130637410621655,
    0.05084715903431782,
    0.050418704542708415,
    0.05058510341348516,
    0.050256109461681034,
    0.04942284939642582
  ],
  "val_loss": [
    0.02240008083023418,
    0.015496919430022555,
    0.02331727948157724,
    0.020220357945037206,
    0.021425046961683274,
    0.021354711215717703,
    0.020906300601418158,
    0.03220839219252191,
    0.02284133158636224,
    0.021664126445567502,
    0.016208149198176532,
    0.02059514953350722,
    0.019444002993807448,
    0.01673906450139334,
    0.017168970989234672,
    0.024585582675168183,
    0.0164729923931451
  ],
  "val_rmse": [
    0.14964379370212555,
    0.12445691227912903,
    0.15268553793430328,
    0.14218707382678986,
    0.14617669582366943,
    0.14608962833881378,
    0.14454297721385956,
    0.17924804985523224,
    0.15103493630886078,
    0.1470298022031784,
    0.12729763984680176,
    0.14341692626476288,
    0.13938747346401215,
    0.1293395608663559,
    0.13100871443748474,
    0.1567630022764206,
    0.12828072905540466
  ],
  "val_mae": [
    0.10953182727098465,
    0.08459628373384476,
    0.09987131506204605,
    0.09665889292955399,
    0.10187903791666031,
    0.1012222021818161,
    0.10016980767250061,
    0.12206505984067917,
    0.10472799092531204,
    0.09991131722927094,
    0.09158757328987122,
    0.09357665479183197,
    0.09312256425619125,
    0.08692358434200287,
    0.09004136919975281,
    0.10444306582212448,
    0.08403786271810532
  ],
  "val_ade": [
    0.713693380355835,
    0.5674172639846802,
    0.6854317784309387,
    0.6341155171394348,
    0.6647905707359314,
    0.6620442271232605,
    0.6556258797645569,
    0.7857143878936768,
    0.690985381603241,
    0.6652946472167969,
    0.591339111328125,
    0.6227877140045166,
    0.6261563897132874,
    0.5818228721618652,
    0.6011105179786682,
    0.6999720931053162,
    0.5731651782989502
  ],
  "val_fde": [
    0.7146207690238953,
    0.5678754448890686,
    0.687523603439331,
    0.6356261372566223,
    0.6665063500404358,
    0.661367654800415,
    0.6550958156585693,
    0.7860441207885742,
    0.6905236840248108,
    0.6647698879241943,
    0.5907027125358582,
    0.62224942445755,
    0.6257487535476685,
    0.5812509655952454,
    0.6002605557441711,
    0.699135959148407,
    0.5729333162307739
  ]
}